{
    "R2": 0.29846750645974407,
    "MAE": 1754.416925834163,
    "MSE": 4710996.763945858,
    "RMSE": 2170.4830715639914
}