{
    "R2": 0.9950693270370193,
    "MAE": 111.11463201482057,
    "MSE": 33110.91729401767,
    "RMSE": 181.96405495047003
}