{
    "R2": 0.995957798087621,
    "MAE": 109.48459974877241,
    "MSE": 30618.810911933317,
    "RMSE": 174.9823159977411
}